CollectorId,Collector
48,A. B. Macallum
38,A. G. Huntsman
35,A. Mann
42,A. R. Cooper
53,A. Willer
76,Aarnout
1,Aiyakuk
2,Albert O.
52,Alex Young
72,Auditor General of Canada
79,B. Mamen
33,Burt M. McConnell
57,C. B. Wilson
59,C. R. Shoemaker
3,Canadian Arctic Expedition
4,"Canadian Arctic Expedition, Northern Party"
75,Castel
64,Charles Camsell
49,Chas W. Lowe
68,D. O'Connor
67,Desbarats
5,Diamond Jenness
36,E. E. Prince
54,E. M. Walker
51,F. McVeigh
6,F. Wolki
7,Frits Johansen
61,G. Hearitt
29,G. J. Desbarats
56,G. W. Winckler
26,Garret Anderson
8,George H. Wilkins
65,Gilbert H. Grosvenor
60,H. K. Harring
58,H. W. Wilson
66,Hibbard
9,Ikey Augatitslak
43,J. C. Shipman
62,J. Percy Moore
10,J.J. O'Neill
30,James M. Macoun
74,Joe Bernard
40,John Darness
11,John Hadley
12,John R. Cox
13,Joseph F. Bernard
14,Kenneth G. Chipman
63,L. M. Frederick
69,M. Anderson
47,Marshall Avery Howe
27,Mary C. Dickerson
50,Mary J. Rathburn
15,Mike
16,Mupfa
78,O. E. Leroy
45,O. Vezina
77,P. Donahue
17,Palaiyak
55,Paul S. Welch
18,Pete Jenness
19,Peter Bernard
73,R. A. Bartlett
37,R. E. Cook
46,R. E. Lyons
28,R. W. Brock (Deputy Minister)
34,Raymond C. Osburn
20,Rudolph M. Anderson
41,S. S. Berry
21,S.T. Storkersen
22,T. L. Richardson
31,Theo Holm
23,Unknown
24,Vilhjalmur Stefansson
39,W. Bell Dawson
71,W. H. Hobbs
70,W. S. Brooks
25,W. V. Bruce
32,W. W. Greely
44,Waldo S. Schmitt
26,William L. McKinley
