ItemId,Name
1,"Anthropoligical Notes Canadian Arctic Expedition, 1913-1916"
2,Arctic Birds
3,Arctic Expedition
4,Arctic Mammals
5,Blond Eskimos
30,Canada's Arctic Islands & Expeditions
8,Canadian Arctic Expedition Christmas related 
17,Canadian Arctic Expedition Correspondence
9,Canadian Arctic Expedition Field Notes 1911/12/13
10,Canadian Arctic Expedition Field Notes 1914
11,"Canadian Arctic Expedition Field Notes 1914, Collinson Point"
12,Canadian Arctic Expedition Field Notes 1914-1915
13,Canadian Arctic Expedition Field Notes 1915
14,"Canadian Arctic Expedition Field Notes 1915-1916, Bernard Harbour"
15,Canadian Arctic Expedition Field Notes 1916
16,Canadian Arctic Expedition Inventory List
31,Canadian Arctic Expedition Mailing List- Anthropological
32,Canadian Arctic Expedition Mailing List- Biological (Department of Mines)
33,Canadian Arctic Expedition Mailing List- Botanical
34,Canadian Arctic Expedition Mailing List- Institutions (Museums & Archives)
35,Canadian Arctic Expedition Mailing List- Ornithological
36,Canadian Arctic Expedition Mailing List- Specialists
18,Canadian Arctic Expedition Miscellaneous
19,Canadian Arctic Expedition Photo Collection
20,Canadian Arctic Expedition Photo Collection 1913-16
21,Canadian Arctic Expedition Photo Collection Volume XI?
6,Canadian Arctic Expedition Photographs
38,Canadian Arctic Expedition Records: Negative Photographs
39,"Canadian Arctic Expedition Records: Negative Photographs, Field Notes"
40,Canadian Arctic Expedition Records: Records & Notebooks
41,"Canadian Arctic Expedition Records: Volume I, II"
42,"Canadian Arctic Expedition Records: Volume III, IV"
43,"Canadian Arctic Expedition Records: Volume V, VI"
44,"Canadian Arctic Expedition Records: Volume VII, VIII"
45,"Canadian Arctic Expedition Records: Volume X, XI, XII"
46,"Canadian Arctic Expedition Records: Volume XIII, XIV, XV"
22,"Canadian Arctic Expedition Report VII, Part G"
23,"Canadian Arctic Expedition Report VII, Part I"
24,Canadian Arctic Expedition Report VIII B by J. Johansen
25,Canadian Arctic Expedition Report VIII on Porifera by Deny and L. M. Frederick
26,"Canadian Arctic Expedition Report XII, Photo Engravings"
27,Canadian Arctic Expedition Report XV and IC?
28,Canadian Arctic Expedition Reports
29,Canadian Arctic Expedition Vol VIII
47,Clippings relating to Wrangel Island
48,Comparative Vocabulary Western Eskimo Dialects
49,Correspondence
134,Correspondence
50,Correspondence & Memos
105,"Correspondence Alaska Papers, 1916-1918"
135,Correspondence and Reports on the Canadian Arctic Expedition
136,"Correspondence and Reports, George H. Wilkins"
141,Correspondence B. Mamen
142,Correspondence Burt M. McConnell
106,Correspondence Canadian Arctic Expedition Anthrobiological mailing list
107,Correspondence Canadian Arctic Expedition Reprints
51,Correspondence for Canadian Arctic Expedition Reports
52,Correspondence from Geological Survey
143,Correspondence George H. Wilkins
53,Correspondence Henri Beuchat
108,Correspondence Hibbard of Swenson & Company
144,Correspondence J. J. O'Neill
109,Correspondence Joe Bernard
145,Correspondence O. E. Leroy
54,Correspondence on Canadian Arctic Expedition Report VIII
55,Correspondence on Canadian Arctic Expedition Reports
56,Correspondence on Canadian Arctic Expedition Reports 1913-18
57,Correspondence on Canadian Arctic Expedition Reports 1920-1932
58,Correspondence on Canadian Arctic Expedition Wildlife Protection
60,"Correspondence over ""The Friendly Arctic"""
61,Correspondence over Canadian Arctic Expedition
113,Correspondence over Canadian Arctic Expedition controversies
62,Correspondence over Canadian Arctic Expedition Drawings
63,Correspondence over Canadian Arctic Expedition Index
64,Correspondence over Canadian Arctic Expedition Material
65,Correspondence over Canadian Arctic Expedition Reports
66,Correspondence over Canadian Arctic Expedition Specimens
67,Correspondence over Photos and Maps of the Canadian Arctic Expedition
68,Correspondence over Publications of Canadian Arctic Expedition Reports
69,Correspondence over reports by Diamond Jenness
70,Correspondence over the Canadian Arctic Expedition from Brock Desbarats...
110,Correspondence R. A. Bartlett
111,Correspondence R. W. Brock
146,Correspondence RCMP
137,"Correspondence re ""The Friendly Arctic"""
75,Correspondence Requests for Canadian Arctic Expedition Mailing List
76,Correspondence Requests for Canadian Arctic Expedition Reports
77,Correspondence Requests for Canadian Arctic Expedition Typography
78,Correspondence to A. B. Macallum over Canadian Arctic Expedition
79,Correspondence to A. G. Huntsman over Canadian Arctic Expedition
80,Correspondence to A. R. Cooper over Canadian Arctic Expedition
81,Correspondence to Alex Young over Canadian Arctic Expedition
138,Correspondence to and from Anderson
82,Correspondence to C. R. Shoemaker over Mailing List for Canadian Arctic Expedition
83,Correspondence to Canadian Arctic Expedition Northern Party
84,Correspondence to Chairman of the Arctic Biological Committee
85,Correspondence to Chas W. Lowe over Canadian Arctic Expedition
86,Correspondence to D. Jenness
87,Correspondence to Deputy Minister at Department of Naval Service
88,Correspondence to F. McVeigh over Canadian Arctic Expedition
89,Correspondence to Geological Survey over Canadian Arctic Expedition Reports
139,Correspondence to Greeley
90,Correspondence to H. K. Harring and G. Hearitt over Canadian Arctic Expedition
91,Correspondence to J. C. Shipman over Canadian Arctic Expedition
92,Correspondence to J. Percy Moore over Canadian Arctic Expedition
93,Correspondence to John Darness over Canadian Arctic Expedition
140,Correspondence to John R. Cox
94,"Correspondence to K. G. Chipman, Geographical Division: Geological Survey"
95,Correspondence to Library and Archives Canada over Canadian Arctic Expedition
96,Correspondence to Marshall Avery Howe over Canadian Arctic Expedition
97,Correspondence to Mary J. Rathbun over Canadian Arctic Expedition Reports by Johansen
98,Correspondence to O. Vezina over Canadian Arctic Expedition
99,Correspondence to R. E. Cook over Canadian Arctic Expedition
100,Correspondence to R. E. Lyons over Canadian Arctic Expedition
101,Correspondence to S. S. Berry over Canadian Arctic Expedition
102,Correspondence to V. Stefansson from Deputy Minister
103,Correspondence to W. Bell Dawson over Canadian Arctic Expedition
104,Correspondence to Waldo S. Schmitt over Canadian Arctic Expedition
147,Correspondence William L. McKinley
115,Correspondene to Naval Service
117,Departmental Files on the Canadian Arctic Expedition
118,Diary of B. Mamen
119,Diary of John Hadley
120,Diary of William L. McKinley
121,Discards
122,Extracts from the Journal of Diamond Jenness
123,Field Notes
124,Field Notes of Rudolph Martin Anderson Vol 1. 1913
125,Frits Johansen Manuscript on Insect life for the Canadian Arctic Expedition
126,Geographical Notes on Arctic Coast
127,Geological Investigations of the Arctic 
128,Geological Survey of Canada - Notes
129,Hansard from Senate Debate over Canadian Arctic Expedition
130,Karluk
131,Lantern Slides of Arctic Maps
132,Letter to R. M. Anderson
133,Letter to R. M. Anderson from Gilbert H. Grosvenor
148,List of Photographic Negatives
149,List of Photographs taken by John Hadley for the Northern Party
150,List of Volumes and Parts for Canadian Arctic Expedition Reports
151,Local arctic Correspondence
152,Loose Papers in a box
153,Map of Arctic Ocean
154,Map of Banks and Victoria Island
155,Map of Northern North America
156,Map of Recent Explorations on the Canadian Arctic Coast
157,Map of the route for the Alaska
158,Maps of Alaska
159,Maps of the Arctic
160,Maps of the Canadian Arctic Expedition
161,Maps of Yukon Territory
162,"Meterological Records, Collinson Point"
163,Miscellaneous
164,Miscellaneous Articles
165,Miscellaneous Reprints
166,My Quest in the Arctic
167,Natural History Clippings
168,Naval Service Correspondence
169,News items over Wrangel Island
170,Newspaper Clippings
171,Newspaper Clippings re Canadian Arctic Expedition government Inquiry
172,Newspaper Clippings re Wrangel Island Disaster
173,Observations to John Hadley
174,Order in Council
175,Papers relating to Wrangel Island Disaster
176,Photographs for Canadian Arctic Expedition Report Vol XI: Geology and Geography
177,Press Dispatches on the Canadian Arctic Expedition
178,"Rapport du Minist�re du Service Naval, 1917"
179,Remarks on the Canadian Arctic Expedition
180,Report by the Auditor General on the Canadian Arctic Expedition
181,Report on Arctic Birds/Correspondence to Miss Mary C. Dickerson
182,"Report on Geology, Botony and Topography on Banks Island"
183,Report on Specimens by Frits Johansen
184,Report on the Canadian Arctic Expedition Volume III: Insects
185,Report on the Canadian Arctic Expedition Volume IV: Botany
186,Report on the Canadian Arctic Expedition Volume V: Botany
187,Report on the Canadian Arctic Expedition: Northern Division
188,Report on the Canadian Arctic Expedition: Southern Division
189,Report on the Canadian Arctic Expedition: Topographical and Geographical
190,"Report to Department of Naval Service, 1917"
191,Report to Deputy Minister on Southern Party Canadian Arctic Expedition
193,Requests for Meteorological Observations
194,Requisitions for Printing
195,Statement on Sinking of Karluk
196,"Stefansson, Wrangel Island Disaster"
197,Summary Report 1914-1915
198,Supply List to Karluk
199,The Friendly Arctic
200,The North and South Poles
201,The Origin of Stefansson's Blond Eskimo
202,The Rescue of the Karluk Survivors
203,Travel Notes
204,Various Note Books and Personal Diariers
,
,
,
,
,
,
,
,
,
,
,
,
,
,
,
,
,
,
,
,
,
,
,
,
,
,
,
,
,
,
,
,
7,
