LocationId,Location
1,Akpatviatsiak
2,Akvilluk Islands
3,Akvitlak Islands
4,Alaska (State)
5,Amundsen Gulf
6,Arctic Ocean
7,Arctic Sound
8,Armstrong Point
9,Atlin Wilson Creek
10,Baillie Island
11,Banks Island
12,Barter Island
13,Hot Creek
14,Putugook Creek
15,Barter Island Quad
16,Bathurst Inlet
17,Bay
18,Beaufort Sea
19,Berens Islands
20,Bering Strait
21,Bernard
22,Bernard Harbour
23,Big Falls
24,Big Island
25,Big Lake
26,Blossom Shoals
27,Blue Sea Lake
28,Brown Tow Point
29,Brownlow Point
30,Cache Point
31,Camden Bay
32,Canning River
33,Cape Adelaide
34,Cape Barrow
35,Cape Bathurst
36,Cape Halkett
37,Cape Hamilton
38,Cape Kellett
39,Cape Krusenstern
40,Cape Lambert
41,Cape Lambton
42,Cape Lisburne
43,Cape Smyth
44,Chantry Island
45,Chukchi Sea
46,Clifton Point
47,Cockburn Point
48,Collinson Point
49,Colville Hills
50,Coppermine River
51,Corkbury Point
52,Coronation Gulf
53,Corwin Bluff
54,Corwin Coal Mine
55,Creek
56,Daniel Moore Bay
57,DeHaven Point
58,Detention Harbour
59,Dolphin and Union Strait
60,Elson Bay
61,Endicott Mountains
62,Epworth Harbour
63,Escape
64,Escape Rapids
65,Escape Reef
66,First Cascade
67,Firth River
68,Fishing Creek
69,Fishing Lake
70,Flaxman Island
71,Flaxman Island Quad
72,Fort Franklin
73,Fort Yukon
74,Franklin Bay
75,Galena Point
76,Goulburn Island
77,Granite Harbor
78,Gray's Bay
79,Gulf of Alaska
80,Gully Creek
81,Harrison Bay
82,Hazelton
83,Herschel Island
84,Hood River
85,Hope Point
86,Hulahula River
87,Humphrey Point
88,Icy Reef
89,Inland Lake
90,Inland Lakes
91,Inman Harbour
92,Inner Harbour
93,International Boundry
94,Ivevak River
95,Ivvavik National Park
96,Jone's Island
97,Kangipat
98,Kannuyuk Island
99,Kanuyak Island
100,Katakturok Creek
101,Kater Point
102,Kay Point
103,Kendall Island
104,Kitikmeot Region
105,Kogluhtualuk River
106,Kongenovik
107,Kugaryuak River
108,Lady Richardson Bay
109,Lagoon
110,Lake Angmalloklok
111,Lake Huron
112,Lake Numichone
113,Lake Numixoni
114,Liverpool Bay
115,Mackenzie Delta
116,Mackenzie River
117,Manning Point
118,Marsh River
119,Martin Point
120,Meighen Island
121,Mount Michelson Quad
122,Muir Channel
123,Murray Point
124,Naokok
125,NO SITE
126,Nome
127,Northwest Territories
128,Norton Sound
129,Nunavut
130,Ottawa
131,Outer Harbour
132,Pihumalerksiak Island
133,Pihumalersiall Island
134,Pikalo River
135,Plover Island
136,Point Barrow
137,Point Hope
138,Pond
139,Pond Lake
140,Port Clarence
141,Port Epworth
142,Port Safety
143,Prince of Wales Strait
144,Richardson Bay
145,Rocher
146,Sadlerochit River
147,Salirochit River
148,Salmon River
149,Sandspit
150,Sandstone Rapids
151,Shingle Point
152,Shorewater
153,Simpson Bay
154,Simpson Cove
155,Spy Island
156,St. Paul
157,Stapylton Bay
158,Sutter Island
159,Taylor Island
160,Teller
161,Tree River
162,Tuktut Nogait National Park
163,Tundra Pond
164,Turner River
165,Unalkleet
166,Unimak Pass
167,Victoria Island
168,Walker Bay
169,Walker Seamount
170,Wateron Lakes National Park
171,Western Arctic
172,Williams Point
173,Wise Point
174,Wollaston Land
175,Wollaston Peninsula
176,Young Point
177,Yukon Territory
178,Grantley Harbor
179,Beach
180,Orca Inlet
181,Cape Espenberg
182,Deering
183,Cape Kendall
184,Gatineau
185,New York City
186,Washington DC
187,Winnipeg
188,Cambridge
