{
  "version": "0.13.0-beta.0",
  "graph": {
    "nodes": [
      {
        "id": "n0",
        "position": {
          "x": 82.20198066427568,
          "y": 69.65894317607547
        },
        "caption": "Collection"
      },
      {
        "id": "n1",
        "position": {
          "x": -420.8264912545544,
          "y": 179.94840878852338
        },
        "caption": "Collector/Author/Person"
      },
      {
        "id": "n2",
        "position": {
          "x": 245.79430796958178,
          "y": -191.47974224553928
        },
        "caption": "Taxon"
      },
      {
        "id": "n3",
        "position": {
          "x": 326.2006897159052,
          "y": 360.70099726093764
        },
        "caption": "Database"
      },
      {
        "id": "n4",
        "position": {
          "x": 435.3236312242634,
          "y": 7.059333328515066
        },
        "caption": "Catalogue Number"
      },
      {
        "id": "n5",
        "position": {
          "x": 1012.7173004075332,
          "y": 253.09247861249497
        },
        "caption": "Location"
      },
      {
        "id": "n6",
        "position": {
          "x": 776.5615953169464,
          "y": -81.58003030732901
        },
        "caption": "Province/State"
      },
      {
        "id": "n7",
        "position": {
          "x": 1083.03941692325,
          "y": -81.58003030732901
        },
        "caption": "Country"
      },
      {
        "id": "n8",
        "position": {
          "x": 122.1305975339782,
          "y": 585.6777255411525
        },
        "caption": "Institution/Organization"
      },
      {
        "id": "n9",
        "position": {
          "x": -69.51967338293508,
          "y": 83
        },
        "caption": "Acquisition"
      },
      {
        "id": "n10",
        "position": {
          "x": 245.79430796958178,
          "y": 83
        },
        "caption": "Specimen Nature"
      },
      {
        "id": "n11",
        "position": {
          "x": 82.20198066427568,
          "y": 303.401178195606
        },
        "caption": "Item"
      }
    ],
    "relationships": [
      {
        "id": "n0",
        "type": "PART OF",
        "fromId": "n2",
        "toId": "n0"
      },
      {
        "id": "n1",
        "type": "IS",
        "fromId": "n4",
        "toId": "n2"
      },
      {
        "id": "n2",
        "type": "COLLECTED",
        "fromId": "n1",
        "toId": "n2"
      },
      {
        "id": "n3",
        "type": "PART OF",
        "fromId": "n4",
        "toId": "n3"
      },
      {
        "id": "n4",
        "type": "LOCATED AT",
        "fromId": "n3",
        "toId": "n8"
      },
      {
        "id": "n5",
        "type": "LOCATED IN",
        "fromId": "n8",
        "toId": "n5"
      },
      {
        "id": "n6",
        "type": "COLLECTED AS",
        "fromId": "n2",
        "toId": "n10"
      },
      {
        "id": "n7",
        "type": "IS",
        "fromId": "n4",
        "toId": "n11"
      },
      {
        "id": "n8",
        "type": "CREATED",
        "fromId": "n1",
        "toId": "n11"
      },
      {
        "id": "n9",
        "type": "IS",
        "fromId": "n11",
        "toId": "n10"
      },
      {
        "id": "n10",
        "type": "PART OF",
        "fromId": "n11",
        "toId": "n0"
      },
      {
        "id": "n11",
        "type": "ACQUIRED",
        "fromId": "n9",
        "toId": "n2"
      },
      {
        "id": "n12",
        "type": "DONATED",
        "fromId": "n9",
        "toId": "n11"
      },
      {
        "id": "n14",
        "type": "ASSOCIATED WITH",
        "fromId": "n1",
        "toId": "n8"
      },
      {
        "id": "n15",
        "type": "LOCATED IN",
        "fromId": "n5",
        "toId": "n6"
      },
      {
        "id": "n16",
        "type": "LOCATED IN",
        "fromId": "n6",
        "toId": "n7"
      },
      {
        "id": "n17",
        "type": "Collected FROM",
        "fromId": "n2",
        "toId": "n5"
      },
      {
        "id": "n18",
        "type": "ASSOCIATED WITH",
        "fromId": "n1",
        "toId": "n11"
      },
      {
        "id": "n19",
        "type": "ASSOCIATED WITH",
        "fromId": "n11",
        "toId": "n5"
      },
      {
        "id": "n20",
        "type": "PART OF",
        "fromId": "n4",
        "toId": "n3"
      }
    ]
  },
  "dataModel": {
    "configurations": {
      "idsToIgnore": []
    },
    "fileModel": {
      "fileSchemas": {
        "Taxon.csv": {
          "expanded": true,
          "fields": [
            {
              "name": "TaxonId",
              "type": "integer",
              "sample": "1",
              "include": true
            },
            {
              "name": "Scientific Name",
              "type": "string",
              "sample": "Astragalus richardsonii",
              "include": true
            },
            {
              "name": "Common Name",
              "type": "string",
              "sample": "Indian Milkvetch",
              "include": true
            }
          ]
        },
        "Collector.csv": {
          "expanded": true,
          "fields": [
            {
              "name": "CollectorId",
              "type": "integer",
              "sample": "48",
              "include": true
            },
            {
              "name": "Collector",
              "type": "string",
              "sample": "A. B. Macallum",
              "include": true
            }
          ]
        },
        "Organization.csv": {
          "expanded": true,
          "fields": [
            {
              "name": "OrganizationId",
              "type": "integer",
              "sample": "1",
              "include": true
            },
            {
              "name": "Organization",
              "type": "string",
              "sample": "Canadian Museum of Nature",
              "include": true
            }
          ]
        },
        "Database.csv": {
          "expanded": true,
          "fields": [
            {
              "name": "DatabaseId",
              "type": "integer",
              "sample": "1",
              "include": true
            },
            {
              "name": "Name",
              "type": "string",
              "sample": "Specimen",
              "include": true
            }
          ]
        },
        "Item.csv": {
          "expanded": true,
          "fields": [
            {
              "name": "ItemId",
              "type": "integer",
              "sample": "1",
              "include": true
            },
            {
              "name": "Name",
              "type": "string",
              "sample": "Anthropoligical Notes Canadian Arctic Expedition, 1913-1916",
              "include": true
            }
          ]
        },
        "Acquisition.csv": {
          "expanded": true,
          "fields": [
            {
              "name": "AcquisitionId",
              "type": "integer",
              "sample": "1",
              "include": true
            },
            {
              "name": "Name",
              "type": "string",
              "sample": "Canadian Arctic Expedition",
              "include": true
            }
          ]
        },
        "Collection.csv": {
          "expanded": true,
          "fields": [
            {
              "name": "CollectionId",
              "type": "integer",
              "sample": "1",
              "include": true
            },
            {
              "name": "Name",
              "type": "string",
              "sample": "Alga",
              "include": true
            }
          ]
        },
        "Specimen Nature.csv": {
          "expanded": true,
          "fields": [
            {
              "name": "SpecimenNatureId",
              "type": "integer",
              "sample": "1",
              "include": true
            },
            {
              "name": "State",
              "type": "string",
              "sample": "alc. body",
              "include": true
            }
          ]
        },
        "Catalog Number.csv": {
          "expanded": true,
          "fields": [
            {
              "name": "CatalogueNumberId",
              "type": "integer",
              "sample": "1",
              "include": true
            },
            {
              "name": "Catalogue Number",
              "type": "string",
              "sample": "CAN 0050113A",
              "include": true
            },
            {
              "name": "Specimen Count",
              "type": "integer",
              "sample": "1",
              "include": true
            },
            {
              "name": "Box Number",
              "type": "string",
              "sample": "",
              "include": true
            }
          ]
        },
        "Location.csv": {
          "expanded": true,
          "fields": [
            {
              "name": "LocationId",
              "type": "integer",
              "sample": "1",
              "include": true
            },
            {
              "name": "Location",
              "type": "string",
              "sample": "Akpatviatsiak",
              "include": true
            }
          ]
        },
        "State.csv": {
          "expanded": true,
          "fields": [
            {
              "name": "ProvinceId",
              "type": "integer",
              "sample": "1",
              "include": true
            },
            {
              "name": "Name",
              "type": "string",
              "sample": "Alaska",
              "include": true
            }
          ]
        },
        "Country.csv": {
          "expanded": true,
          "fields": [
            {
              "name": "CountryId",
              "type": "integer",
              "sample": "1",
              "include": true
            },
            {
              "name": "Name",
              "type": "string",
              "sample": "USA",
              "include": true
            }
          ]
        },
        "Collector to Taxon.csv": {
          "expanded": true,
          "fields": [
            {
              "name": "Taxonid",
              "type": "integer",
              "sample": "2",
              "include": true
            },
            {
              "name": "Collectorid",
              "type": "integer",
              "sample": "20",
              "include": true
            }
          ]
        },
        "Acquired to Taxon.csv": {
          "expanded": true,
          "fields": [
            {
              "name": "Taxonid",
              "type": "integer",
              "sample": "2",
              "include": true
            },
            {
              "name": "AcquisitionId",
              "type": "integer",
              "sample": "1",
              "include": true
            }
          ]
        },
        "Collection-Taxon.csv": {
          "expanded": true,
          "fields": [
            {
              "name": "CollectionId",
              "type": "integer",
              "sample": "9",
              "include": true
            },
            {
              "name": "TaxonId",
              "type": "integer",
              "sample": "1",
              "include": true
            }
          ]
        },
        "Specimen Nature to Taxon.csv": {
          "expanded": true,
          "fields": [
            {
              "name": "TaxonId",
              "type": "integer",
              "sample": "2",
              "include": true
            },
            {
              "name": "SpecimenNatureId",
              "type": "integer",
              "sample": "13",
              "include": true
            }
          ]
        },
        "Catalogue Number to Taxon.csv": {
          "expanded": true,
          "fields": [
            {
              "name": "CatalogueNumberId",
              "type": "integer",
              "sample": "1741",
              "include": true
            },
            {
              "name": "TaxonId",
              "type": "integer",
              "sample": "2",
              "include": true
            }
          ]
        },
        "Location to Taxon.csv": {
          "expanded": true,
          "fields": [
            {
              "name": "TaxonId",
              "type": "integer",
              "sample": "2",
              "include": true
            },
            {
              "name": "LocationId",
              "type": "integer",
              "sample": "160",
              "include": true
            }
          ]
        },
        "Item to Catalogue Number.csv": {
          "expanded": true,
          "fields": [
            {
              "name": "Catalogue Number Id",
              "type": "integer",
              "sample": "2897",
              "include": true
            },
            {
              "name": "Item Id",
              "type": "integer",
              "sample": "105",
              "include": true
            }
          ]
        },
        "Item to Specimen Nature.csv": {
          "expanded": true,
          "fields": [
            {
              "name": "ItemId",
              "type": "integer",
              "sample": "1",
              "include": true
            },
            {
              "name": "SpecimenNatureId",
              "type": "integer",
              "sample": "19",
              "include": true
            }
          ]
        },
        "Item to Collection.csv": {
          "expanded": true,
          "fields": [
            {
              "name": "ItemId",
              "type": "integer",
              "sample": "2",
              "include": true
            },
            {
              "name": "CollectionId",
              "type": "integer",
              "sample": "3",
              "include": true
            }
          ]
        },
        "Item to Donor.csv": {
          "expanded": true,
          "fields": [
            {
              "name": "ItemId",
              "type": "integer",
              "sample": "1",
              "include": true
            },
            {
              "name": "AcquisitionId",
              "type": "integer",
              "sample": "7",
              "include": true
            }
          ]
        },
        "Author to Item.csv": {
          "expanded": true,
          "fields": [
            {
              "name": "ItemId",
              "type": "integer",
              "sample": "1",
              "include": true
            },
            {
              "name": "CollectorId",
              "type": "integer",
              "sample": "5",
              "include": true
            }
          ]
        },
        "Item to Author Association.csv": {
          "expanded": true,
          "fields": [
            {
              "name": "ItemId",
              "type": "integer",
              "sample": "54",
              "include": true
            },
            {
              "name": "CollectorId",
              "type": "integer",
              "sample": "34",
              "include": true
            }
          ]
        },
        "Collector to Organization.csv": {
          "expanded": true,
          "fields": [
            {
              "name": "CollectorId",
              "type": "integer",
              "sample": "20",
              "include": true
            },
            {
              "name": "OrganizationId",
              "type": "integer",
              "sample": "1",
              "include": true
            }
          ]
        },
        "Database to Organization.csv": {
          "expanded": true,
          "fields": [
            {
              "name": "DatabaseId",
              "type": "integer",
              "sample": "1",
              "include": true
            },
            {
              "name": "OrganizationId",
              "type": "boolean",
              "sample": "1",
              "include": true
            }
          ]
        },
        "Item to Location.csv": {
          "expanded": true,
          "fields": [
            {
              "name": "ItemId",
              "type": "integer",
              "sample": "11",
              "include": true
            },
            {
              "name": "LocationId",
              "type": "integer",
              "sample": "48",
              "include": true
            }
          ]
        },
        "Catalogue number to Archival Database.csv": {
          "expanded": true,
          "fields": [
            {
              "name": "CatalogueNumberId",
              "type": "integer",
              "sample": "2961",
              "include": true
            },
            {
              "name": "DatabaseId",
              "type": "integer",
              "sample": "2",
              "include": true
            }
          ]
        },
        "Organization to Location.csv": {
          "expanded": true,
          "fields": [
            {
              "name": "OrganizationId",
              "type": "integer",
              "sample": "1",
              "include": true
            },
            {
              "name": "LocationId",
              "type": "integer",
              "sample": "130",
              "include": true
            }
          ]
        },
        "Location to State.csv": {
          "expanded": true,
          "fields": [
            {
              "name": "LocationId",
              "type": "integer",
              "sample": "4",
              "include": true
            },
            {
              "name": "ProvinceId",
              "type": "integer",
              "sample": "1",
              "include": true
            }
          ]
        },
        "Province to Country.csv": {
          "expanded": true,
          "fields": [
            {
              "name": "ProvinceId",
              "type": "integer",
              "sample": "1",
              "include": true
            },
            {
              "name": "CountryId",
              "type": "integer",
              "sample": "1",
              "include": true
            }
          ]
        },
        "Catalogue Number to Database.csv": {
          "expanded": true,
          "fields": [
            {
              "name": "CatalogueNumberId",
              "type": "integer",
              "sample": "1",
              "include": true
            },
            {
              "name": "DatabaseId",
              "type": "boolean",
              "sample": "1",
              "include": true
            }
          ]
        }
      }
    },
    "graphModel": {
      "nodeSchemas": {
        "n0": {
          "label": "Collection",
          "additionLabels": [],
          "labelProperties": [],
          "properties": [
            {
              "property": "CollectionId",
              "type": "integer",
              "identifier": "C2NRjT-D-Bn40FNmOakWp"
            },
            {
              "property": "Collection",
              "type": "string",
              "identifier": "kY3ulF8Tvx7CrTTrD8gey"
            }
          ],
          "key": {
            "properties": [
              "C2NRjT-D-Bn40FNmOakWp"
            ]
          }
        },
        "n1": {
          "label": "Collector/Author/Person",
          "additionLabels": [],
          "labelProperties": [],
          "properties": [
            {
              "property": "CollectorId",
              "type": "integer",
              "identifier": "YTV64R3dY4fjwGb2vaZDs"
            },
            {
              "property": "Collector",
              "type": "string",
              "identifier": "2Zdg9j8l3CJpA5UbmHCbp"
            }
          ],
          "key": {
            "properties": [
              "YTV64R3dY4fjwGb2vaZDs"
            ]
          }
        },
        "n2": {
          "label": "Taxon",
          "additionLabels": [],
          "labelProperties": [],
          "properties": [
            {
              "property": "TaxonId",
              "type": "integer",
              "identifier": "NUanN7L-KxoUcaTLPX_FX"
            },
            {
              "property": "Scientific Name",
              "type": "string",
              "identifier": "b0t7kwiWILskG1fH_DLOi"
            },
            {
              "property": "Common Name",
              "type": "string",
              "identifier": "BriqteSR98RG1Igyw-hx_"
            }
          ],
          "key": {
            "properties": [
              "NUanN7L-KxoUcaTLPX_FX"
            ]
          }
        },
        "n3": {
          "label": "Database",
          "additionLabels": [],
          "labelProperties": [],
          "properties": [
            {
              "property": "DatabaseId",
              "type": "integer",
              "identifier": "EMPdkF8sL5LkBvuN07QQp"
            },
            {
              "property": "Name",
              "type": "string",
              "identifier": "8FUuydrcWmSfV_6M5CdyW"
            }
          ],
          "key": {
            "properties": [
              "EMPdkF8sL5LkBvuN07QQp"
            ]
          }
        },
        "n4": {
          "label": "Catalogue Number",
          "additionLabels": [],
          "labelProperties": [],
          "properties": [
            {
              "property": "CatalogueNumberId",
              "type": "integer",
              "identifier": "qbsKVbGPKL1gVhtBLFFG_"
            },
            {
              "property": "Catalogue Number",
              "type": "string",
              "identifier": "NuybpMCpfJ5FxKC4CXAdP"
            },
            {
              "property": "Specimen Count",
              "type": "integer",
              "identifier": "CdLo9b0AJxy6us5J06Ysi"
            },
            {
              "property": "Box Number",
              "type": "string",
              "identifier": "U842X3c33NtD6tMd6qQGk"
            }
          ],
          "key": {
            "properties": [
              "qbsKVbGPKL1gVhtBLFFG_"
            ]
          }
        },
        "n5": {
          "label": "Location",
          "additionLabels": [],
          "labelProperties": [],
          "properties": [
            {
              "property": "LocationId",
              "type": "integer",
              "identifier": "21LgpA6_m8TISetIaxpiD"
            },
            {
              "property": "Location",
              "type": "string",
              "identifier": "HgpvNofOCrJ_9nI-EdsjX"
            }
          ],
          "key": {
            "properties": [
              "21LgpA6_m8TISetIaxpiD"
            ]
          }
        },
        "n6": {
          "label": "Province/State",
          "additionLabels": [],
          "labelProperties": [],
          "properties": [
            {
              "property": "ProvinceId",
              "type": "integer",
              "identifier": "3i3J_u1-2alffyGR9FbSc"
            },
            {
              "property": "Name",
              "type": "string",
              "identifier": "GCcex-9M37woEcMIZwlYv"
            }
          ],
          "key": {
            "properties": [
              "3i3J_u1-2alffyGR9FbSc"
            ]
          }
        },
        "n7": {
          "label": "Country",
          "additionLabels": [],
          "labelProperties": [],
          "properties": [
            {
              "property": "CountryId",
              "type": "integer",
              "identifier": "lFz-cdP6bslhbFPKhQOsH"
            },
            {
              "property": "Name",
              "type": "string",
              "identifier": "jXKvFAAYYXEMcaPae8vqm"
            }
          ],
          "key": {
            "properties": [
              "lFz-cdP6bslhbFPKhQOsH"
            ]
          }
        },
        "n8": {
          "label": "Institution/Organization",
          "additionLabels": [],
          "labelProperties": [],
          "properties": [
            {
              "property": "OrganizationId",
              "type": "integer",
              "identifier": "OuGfWVKYtsSoEhi6-2l0y"
            },
            {
              "property": "Organization",
              "type": "string",
              "identifier": "mNEstmh43yQmsUtaoez9t"
            }
          ],
          "key": {
            "properties": [
              "OuGfWVKYtsSoEhi6-2l0y"
            ]
          }
        },
        "n9": {
          "label": "Acquisition",
          "additionLabels": [],
          "labelProperties": [],
          "properties": [
            {
              "property": "AcquisitionId",
              "type": "integer",
              "identifier": "SHNmWsJH4dE-aGn5Vkx9h"
            },
            {
              "property": "Name",
              "type": "string",
              "identifier": "tn_5Tjlt3SclR9YVEc0BH"
            }
          ],
          "key": {
            "properties": [
              "SHNmWsJH4dE-aGn5Vkx9h"
            ]
          }
        },
        "n10": {
          "label": "Specimen Nature",
          "additionLabels": [],
          "labelProperties": [],
          "properties": [
            {
              "property": "SpecimenNatureId",
              "type": "integer",
              "identifier": "UlsFP3S_EbYLz5lptN4Ut"
            },
            {
              "property": "State",
              "type": "string",
              "identifier": "-k2IoRRZ-sdwwem1sUROU"
            }
          ],
          "key": {
            "properties": [
              "UlsFP3S_EbYLz5lptN4Ut"
            ]
          }
        },
        "n11": {
          "label": "Item",
          "additionLabels": [],
          "labelProperties": [],
          "properties": [
            {
              "property": "ItemId",
              "type": "integer",
              "identifier": "6MsCa3GD4hXpBrdmqwm8K"
            },
            {
              "property": "Name",
              "type": "string",
              "identifier": "nml7B8rxbjTBtufwXJ4Z8"
            }
          ],
          "key": {
            "properties": [
              "6MsCa3GD4hXpBrdmqwm8K"
            ]
          }
        }
      },
      "relationshipSchemas": {
        "n0": {
          "type": "PART OF",
          "sourceNodeSchema": "n2",
          "targetNodeSchema": "n0",
          "properties": []
        },
        "n1": {
          "type": "IS",
          "sourceNodeSchema": "n4",
          "targetNodeSchema": "n2",
          "properties": []
        },
        "n2": {
          "type": "COLLECTED",
          "sourceNodeSchema": "n1",
          "targetNodeSchema": "n2",
          "properties": []
        },
        "n3": {
          "type": "PART OF",
          "sourceNodeSchema": "n4",
          "targetNodeSchema": "n3",
          "properties": []
        },
        "n4": {
          "type": "LOCATED AT",
          "sourceNodeSchema": "n3",
          "targetNodeSchema": "n8",
          "properties": []
        },
        "n5": {
          "type": "LOCATED IN",
          "sourceNodeSchema": "n8",
          "targetNodeSchema": "n5",
          "properties": []
        },
        "n6": {
          "type": "COLLECTED AS",
          "sourceNodeSchema": "n2",
          "targetNodeSchema": "n10",
          "properties": []
        },
        "n7": {
          "type": "IS",
          "sourceNodeSchema": "n4",
          "targetNodeSchema": "n11",
          "properties": []
        },
        "n8": {
          "type": "CREATED",
          "sourceNodeSchema": "n1",
          "targetNodeSchema": "n11",
          "properties": []
        },
        "n9": {
          "type": "IS",
          "sourceNodeSchema": "n11",
          "targetNodeSchema": "n10",
          "properties": []
        },
        "n10": {
          "type": "PART OF",
          "sourceNodeSchema": "n11",
          "targetNodeSchema": "n0",
          "properties": []
        },
        "n11": {
          "type": "ACQUIRED",
          "sourceNodeSchema": "n9",
          "targetNodeSchema": "n2",
          "properties": []
        },
        "n12": {
          "type": "DONATED",
          "sourceNodeSchema": "n9",
          "targetNodeSchema": "n11",
          "properties": []
        },
        "n14": {
          "type": "ASSOCIATED WITH",
          "sourceNodeSchema": "n1",
          "targetNodeSchema": "n8",
          "properties": []
        },
        "n15": {
          "type": "LOCATED IN",
          "sourceNodeSchema": "n5",
          "targetNodeSchema": "n6",
          "properties": []
        },
        "n16": {
          "type": "LOCATED IN",
          "sourceNodeSchema": "n6",
          "targetNodeSchema": "n7",
          "properties": []
        },
        "n17": {
          "type": "Collected FROM",
          "sourceNodeSchema": "n2",
          "targetNodeSchema": "n5",
          "properties": []
        },
        "n18": {
          "type": "ASSOCIATED WITH",
          "sourceNodeSchema": "n1",
          "targetNodeSchema": "n11",
          "properties": []
        },
        "n19": {
          "type": "ASSOCIATED WITH",
          "sourceNodeSchema": "n11",
          "targetNodeSchema": "n5",
          "properties": []
        },
        "n20": {
          "type": "PART OF",
          "sourceNodeSchema": "n4",
          "targetNodeSchema": "n3",
          "properties": []
        }
      }
    },
    "mappingModel": {
      "nodeMappings": {
        "n0": {
          "nodeSchema": "n0",
          "mappings": [
            {
              "field": "CollectionId"
            },
            {
              "field": "Name"
            }
          ],
          "fileSchema": "Collection.csv"
        },
        "n1": {
          "nodeSchema": "n1",
          "mappings": [
            {
              "field": "CollectorId"
            },
            {
              "field": "Collector"
            }
          ],
          "fileSchema": "Collector.csv"
        },
        "n2": {
          "nodeSchema": "n2",
          "fileSchema": "Taxon.csv",
          "mappings": [
            {
              "field": "TaxonId"
            },
            {
              "field": "Scientific Name"
            },
            {
              "field": "Common Name"
            }
          ]
        },
        "n3": {
          "nodeSchema": "n3",
          "mappings": [
            {
              "field": "DatabaseId"
            },
            {
              "field": "Name"
            }
          ],
          "fileSchema": "Database.csv"
        },
        "n4": {
          "nodeSchema": "n4",
          "fileSchema": "Catalog Number.csv",
          "mappings": [
            {
              "field": "CatalogueNumberId"
            },
            {
              "field": "Catalogue Number"
            },
            {
              "field": "Specimen Count"
            },
            {
              "field": "Box Number"
            }
          ]
        },
        "n5": {
          "nodeSchema": "n5",
          "fileSchema": "Location.csv",
          "mappings": [
            {
              "field": "LocationId"
            },
            {
              "field": "Location"
            }
          ]
        },
        "n6": {
          "nodeSchema": "n6",
          "fileSchema": "State.csv",
          "mappings": [
            {
              "field": "ProvinceId"
            },
            {
              "field": "Name"
            }
          ]
        },
        "n7": {
          "nodeSchema": "n7",
          "mappings": [
            {
              "field": "CountryId"
            },
            {
              "field": "Name"
            }
          ],
          "fileSchema": "Country.csv"
        },
        "n8": {
          "nodeSchema": "n8",
          "mappings": [
            {
              "field": "OrganizationId"
            },
            {
              "field": "Organization"
            }
          ],
          "fileSchema": "Organization.csv"
        },
        "n9": {
          "nodeSchema": "n9",
          "mappings": [
            {
              "field": "AcquisitionId"
            },
            {
              "field": "Name"
            }
          ],
          "fileSchema": "Acquisition.csv"
        },
        "n10": {
          "nodeSchema": "n10",
          "mappings": [
            {
              "field": "SpecimenNatureId"
            },
            {
              "field": "State"
            }
          ],
          "fileSchema": "Specimen Nature.csv"
        },
        "n11": {
          "nodeSchema": "n11",
          "mappings": [
            {
              "field": "ItemId"
            },
            {
              "field": "Name"
            }
          ],
          "fileSchema": "Item.csv"
        }
      },
      "relationshipMappings": {
        "n0": {
          "relationshipSchema": "n0",
          "mappings": [],
          "sourceMappings": [
            {
              "field": "TaxonId"
            }
          ],
          "targetMappings": [
            {
              "field": "CollectionId"
            }
          ],
          "fileSchema": "Collection-Taxon.csv"
        },
        "n1": {
          "relationshipSchema": "n1",
          "mappings": [],
          "sourceMappings": [
            {
              "field": "CatalogueNumberId"
            }
          ],
          "targetMappings": [
            {
              "field": "TaxonId"
            }
          ],
          "fileSchema": "Catalogue Number to Taxon.csv"
        },
        "n2": {
          "relationshipSchema": "n2",
          "mappings": [],
          "sourceMappings": [
            {
              "field": "Collectorid"
            }
          ],
          "targetMappings": [
            {
              "field": "Taxonid"
            }
          ],
          "fileSchema": "Collector to Taxon.csv"
        },
        "n3": {
          "relationshipSchema": "n3",
          "mappings": [],
          "sourceMappings": [
            {
              "field": "CatalogueNumberId"
            }
          ],
          "targetMappings": [
            {
              "field": "DatabaseId"
            }
          ],
          "fileSchema": "Catalogue number to Archival Database.csv"
        },
        "n4": {
          "relationshipSchema": "n4",
          "mappings": [],
          "sourceMappings": [
            {
              "field": "DatabaseId"
            }
          ],
          "targetMappings": [
            {
              "field": "OrganizationId"
            }
          ],
          "fileSchema": "Database to Organization.csv"
        },
        "n5": {
          "relationshipSchema": "n5",
          "mappings": [],
          "sourceMappings": [
            {
              "field": "OrganizationId"
            }
          ],
          "targetMappings": [
            {
              "field": "LocationId"
            }
          ],
          "fileSchema": "Organization to Location.csv"
        },
        "n6": {
          "relationshipSchema": "n6",
          "mappings": [],
          "sourceMappings": [
            {
              "field": "TaxonId"
            }
          ],
          "targetMappings": [
            {
              "field": "SpecimenNatureId"
            }
          ],
          "fileSchema": "Specimen Nature to Taxon.csv"
        },
        "n7": {
          "relationshipSchema": "n7",
          "mappings": [],
          "sourceMappings": [
            {
              "field": "Catalogue Number Id"
            }
          ],
          "targetMappings": [
            {
              "field": "Item Id"
            }
          ],
          "fileSchema": "Item to Catalogue Number.csv"
        },
        "n8": {
          "relationshipSchema": "n8",
          "mappings": [],
          "sourceMappings": [
            {
              "field": "CollectorId"
            }
          ],
          "targetMappings": [
            {
              "field": "ItemId"
            }
          ],
          "fileSchema": "Author to Item.csv"
        },
        "n9": {
          "relationshipSchema": "n9",
          "mappings": [],
          "sourceMappings": [
            {
              "field": "ItemId"
            }
          ],
          "targetMappings": [
            {
              "field": "SpecimenNatureId"
            }
          ],
          "fileSchema": "Item to Specimen Nature.csv"
        },
        "n10": {
          "relationshipSchema": "n10",
          "mappings": [],
          "sourceMappings": [
            {
              "field": "ItemId"
            }
          ],
          "targetMappings": [
            {
              "field": "CollectionId"
            }
          ],
          "fileSchema": "Item to Collection.csv"
        },
        "n11": {
          "relationshipSchema": "n11",
          "mappings": [],
          "sourceMappings": [
            {
              "field": "AcquisitionId"
            }
          ],
          "targetMappings": [
            {
              "field": "Taxonid"
            }
          ],
          "fileSchema": "Acquired to Taxon.csv"
        },
        "n12": {
          "relationshipSchema": "n12",
          "mappings": [],
          "sourceMappings": [
            {
              "field": "AcquisitionId"
            }
          ],
          "targetMappings": [
            {
              "field": "ItemId"
            }
          ],
          "fileSchema": "Item to Donor.csv"
        },
        "n14": {
          "relationshipSchema": "n14",
          "mappings": [],
          "sourceMappings": [
            {
              "field": "CollectorId"
            }
          ],
          "targetMappings": [
            {
              "field": "OrganizationId"
            }
          ],
          "fileSchema": "Collector to Organization.csv"
        },
        "n15": {
          "relationshipSchema": "n15",
          "mappings": [],
          "sourceMappings": [
            {
              "field": "LocationId"
            }
          ],
          "targetMappings": [
            {
              "field": "ProvinceId"
            }
          ],
          "fileSchema": "Location to State.csv"
        },
        "n16": {
          "relationshipSchema": "n16",
          "mappings": [],
          "sourceMappings": [
            {
              "field": "ProvinceId"
            }
          ],
          "targetMappings": [
            {
              "field": "CountryId"
            }
          ],
          "fileSchema": "Province to Country.csv"
        },
        "n17": {
          "relationshipSchema": "n17",
          "mappings": [],
          "sourceMappings": [
            {
              "field": "TaxonId"
            }
          ],
          "targetMappings": [
            {
              "field": "LocationId"
            }
          ],
          "fileSchema": "Location to Taxon.csv"
        },
        "n18": {
          "relationshipSchema": "n18",
          "mappings": [],
          "sourceMappings": [
            {
              "field": "CollectorId"
            }
          ],
          "targetMappings": [
            {
              "field": "ItemId"
            }
          ],
          "fileSchema": "Item to Author Association.csv"
        },
        "n19": {
          "relationshipSchema": "n19",
          "mappings": [],
          "sourceMappings": [
            {
              "field": "ItemId"
            }
          ],
          "targetMappings": [
            {
              "field": "LocationId"
            }
          ],
          "fileSchema": "Item to Location.csv"
        },
        "n20": {
          "relationshipSchema": "n20",
          "mappings": [],
          "sourceMappings": [
            {
              "field": "CatalogueNumberId"
            }
          ],
          "targetMappings": [
            {
              "field": "DatabaseId"
            }
          ],
          "fileSchema": "Catalogue Number to Database.csv"
        }
      }
    }
  }
}