TaxonId,Scientific Name,Common Name
1,Astragalus richardsonii,Indian Milkvetch
2,Acanthis flammea,Common Redpoll
3,Acanthis hornemanni,Arctic Redpoll
4,Acanthostepheia behringiensis,
5,Acanthostepheia malmgreni,
6,Acarospora molybdina,Molybdenum Cracked Lichen
7,Aceroides latipes,
8,Achillea millefolium,Common Yarrow
9,Achillea millefolium var. nigrescens,Common Yarrow
10,Aconitum delphiniifolium,Larkspurleaf Monkshood
11,Alectoria ochroleuca,Green Witch's Hair
12,Alopecurus borealis,Alpine Foxtail
13,Ammodytes hexapterus,Pacific Sand Lance
14,Ampharete eupalea,
15,Ampharete johanseni,
16,Ampharete reducta,
17,Ampithoe kussakini,
18,Ampithoe rubricata,
19,Anas acuta,Northern Pintail
20,Anaspio boreus,
21,Andromeda polifolia var. polifolia,Bog Rosemary
22,Androsace chamaejasme subsp. lehmanniana,Sweetflower Rock Jasmine
23,Androsace septentrionalis,Northern Androsace
24,Anemonastrum richardsonii,Yellow Thimbleweed
25,Anemone parviflora,Small-flowered Anemone
26,Anser albifrons,Greater White-fronted Goose
27,Anser caerulescens,Snow Goose
28,Antennaria alpina,Alpine Pussytoes
29,Anthoxanthum arcticum,Few Flowered Arctic Holy Grass
30,Anthus rubescens,Buff-bellied Pipit
31,Antigone canadensis,Sandhill Crane
32,Aplodon wormskjoldii,Carrion Moss
33,Arctagrostis latifolia,Polar Grass
34,Arctagrostis latifolia subsp. arundinacea,Reed Polargrass
35,Arctanthemum arcticum subsp. Arcticum,Arctic Daisy
36,Arctogadus borisovi,East Siberian Cod
37,Arctogadus glacialis,Arctic Cod
38,Arctonoe lia,Scale Worm
39,Arctophila fulva,Pendent Grass
40,Arctous alpina,Alpine Bear Berry
41,Arctous rubra,Red Bear Berry
42,Arenaria interpres,Ruddy Turnstone
43,Argis lar,Kuro Shrimp
44,Armeria subsp. sibirica,Labrador Sea Thrift
45,Arnica angustifolia,Arctic Arnica
46,Arrhis phyllonyx,
47,Artemisia arctica,Boreal Sagebrush
48,Artemisia arctica subsp. comata,Boreal Sagebrush
49,Artemisia borealis subsp. richardsoniana,Richardson's Sagewort
50,Artemisia hyperborea,Forked Wormwood
51,Artemisia tilesii,Tilesius' Wormwood
52,Asio flammeus,Short-earted Owl
53,Askellia nana,Dwarf Alpine Hawksbeard
54,Askellia pygmaea,Dwarf Alpine Hawksbeard
55,Astragalus alpinus,Alpine Milkvetch
56,Astragalus australis,Indian Milkvetch
461,Astragalus richardsonii,
57,Astragalus umbellatus,Tundra Milkvetch
58,Betula glandulosa,American Dwarf Birch
59,Bistorta plumosa,Meadow Bistort
60,Bistorta vivipara,Inuit peanuts
61,Boreogadus saida,Polar Cod
62,Branta bernicla,Brant Goose
63,Branta bernicla nigricans,Black Brant Goose
64,Branta canadensis,Canadian Goose
65,Braya glabella subsp. purpurascens,Purple Rockcress
66,Braya humilis,Alpine Northern-rockcress
67,Bromus pumpellianus,Arctic Brome
68,Bryoerythrophyllum recurvirostrum,Red Beard-moss
69,Bryum knowltonii,Knowlton's Thread-moss
70,Bubo scandiacus,Snowy Owl
71,Bubo virginianus,Great Horned Owl
72,Bupleurum americanum,American Thorowax
73,Buteo lagopus,Rough-legged Buzzard
74,Buteo swainsoni,Swainson's Hawk
75,Calamagrostis purpurascens,Purple Reedgrass
76,Calcarius lapponicus,Lapland Longspur
77,Calidris alba,Sanderling
78,Calidris alpina,Dunlin
79,Calidris bairdii,Baird's Sandpiper
80,Calidris canutus,Red Knot
81,Calidris fuscicollis,White-rumped Sandpiper
82,Calidris himantopus,Stilt Sandpiper
83,Calidris mauri,Western Sandpiper
84,Calidris melanotos,Pectoral Sandpiper
85,Calidris pusilla,Semipalmated Sandpiper
86,Calidris subruficollis,Buff-breasted Sandpiper
87,Caloplaca cerina,Gray-rimmed Firedot Lichen
88,Caloplaca jungermanniae,Jungermann's Firedot Lichen
89,Caltha leptosepala,White Marsh Marigold
90,Caltha palustris,Marsh Marigold
91,Caltha palustris subsp. radicans ,Marsh Marigold
92,Campanula uniflora,Arctic Harebell
93,Campylium arcticus,Yellow Starry Fen Moss
94,Caprella drepanochir,
95,Cardamine digitata ,Richardson's Bittercress
96,Cardamine pratensis,Cuckooflower
97,Carex aquatilis,Water Sedge
98,Carex bigelowii subsp. lugens,Bigelow's Sedge
99,Carex maritima,Curved Sedge
100,Carex membranacea,Fragile-seed Sedge
101,Carex rupestris,Rock Sedge
102,Carex scirpoidea,Bulrush Sedge
103,Carex subspathacea,Hoppner's Sedge
104,Carex vaginata,Sheathed Sedge
105,Cassiope tetragona,Arctic Bell-Heather
106,Cassiope tetragona subsp. tetragona,Arctic Bell-Heather
107,Castilleja elegans,Elegant Paintbrush
108,Castilleja pallida,Pale Paintbrush
109,Cepphus grylle,Black Guillemot
110,Cerastium alpinum,Alpine Mouse-Ear
111,Cerastium alpinum subsp. lanatum,Alpine Mouse-Ear
112,Cerastium beeringianum ,Bering Mouse-ear Chickweed
113,Chamaenerion latifolium,Dwarf Fireweed
114,Charadrius semipalmatus,Semipalmated Plover
115,Cherleria arctica,Arctic Stitchwort
116,Cherleria biflora,Mountain Stitchwort
117,Chionoecetes opilio,Snow Crab
118,Chrysosplenium tetrandrum,Northern Golden-Saxifrage
119,Cladonia pocillum,Rosette Pixie-cup Lichen
120,Cladonia pyxidata,Pebbled Pixie Cup
121,Clangula hyemalis,Long-tailed Duck
122,Clupea pallasii,Pacific Herring
123,Cochlearia groenlandica,Greenland Cochlearia
124,Cochlearia officinalis,Scurvy Grass
125,Corvus corax,Common Raven
126,Crangon septemspinosa,Sand Shrimp
127,Cygnus columbianus,Tundra Swan
128,Cystopteris fragilis,Brittle Bladderfern
129,Dendragapus obscurus,Ducky Grouse
130,Descurainia sophioides,Northern Tansymustard
131,Didymodon asperifolius,Rough-leaved Beard Moss
132,Didymodon johansenii,
133,Draba alpina,Alpine Whitlow-Grass
134,Draba cinerea,Grayleaf Whitlow-Grass
135,Draba corymbosa,Flat-top Whitlow-Grass
136,Draba glabella,Rock Whitlow-Grass
137,Draba hirta,
138,Draba lactea,Milky Whitlow-Grass
139,Draba nivalis,Snow Whitlow-Grass
140,Draba oblongata,Canadian Arctic Whitlow-Grass
141,Draba subcapitata,Ellesmere Island Whitlow-Grass
142,Dryas integrifolia,Entireleaf Mountain-Avens
143,Dryas integrifolia subsp. integrifolia,Entireleaf Mountain-Avens
144,Dryopteris fragrans,Fragrant Wood Fern
145,Dupontia fisheri,Fisher's Dupontia
146,Elymus alaskanus subsp. alaskanus,Alaskan Wild Rye
147,Elymus violaceus,High Wildrye
148,Empetrum nigrum,Black Crowberry
149,Equisetum arvense,Field Horsetail
150,Equisetum variegatum,Variegated Horsetail
151,Equisetum variegatum subsp. variegatum,Variegated Horsetail
152,Eremophila alpestris,Horned Lark
153,Erigeron compositus,Cut-leaf Fleabane
154,Erigeron grandiflorus,Large-flower Fleabane
155,Erigeron humilis,Low Fleabane
156,Erigeron muirii,Muir's Fleabane
157,Erigeron uniflorus,One-flowered Fleabane
158,Eriophorum angustifolium,Common Cotton-Grass
159,Eriophorum scheuchzeri subsp. arcticum,Scheuchzer's Cotton-Grass
160,Erysimum coarctatum,Small-flower Prairie Wallflower
161,Erysimum inconspicuum,Small-flower Prairie Wallflower
162,Erysimum pallasii,Pallas' Wallflower
163,Eualus belcheri,
164,Eualus fabricii,Arctic Eualid Shrimp
165,Eurybia sibirica,Siberian Aster
166,Falco peregrinus,Peregrine Falcon
167,Falco rusticolus,Gyrfalcon
168,Festuca baffinensis,Baffin Fescue
169,Festuca brachyphylla,Shortleaf Fescue
170,Festuca rubra,Red Fescue
171,Fulmarus glacialis,Northern Fulmar
172,Gadus ogac,Pacific Cod
173,Gammaracanthus loricatus,
174,Gammarus lacustris,Lacustrine Scud
175,Gavia adamsii,Yellow-billed Loon
176,Gavia pacifica,Pacific Loon
177,Gavia stellata,Red-throated Loon
178,Gentianella propinqua subsp. propinqua,Fourpart Dwarf Gentian
179,Gymnocanthus pistilliger,Threated Sculpin
180,Gymnocanthus tricuspis,Arctic Staghorn Sculpin
181,Halectinosoma kliei,
182,Halerpestes cymbalaria,Alkali Buttercup
183,Halirages nilssoni,
184,Hedysarum americanum,Liquorice-root
185,Hedysarum boreale subsp. mackenziei ,Mackenzie's Sweet Vetch
186,Hennediella heimii var. arctica,Heim's Pottia
187,Herpyllobius polynoes,
188,Hexagrammos stelleri,Whitespotted Greenling
189,Hippomedon columbianus,
190,Hippomedon holbolli,
191,Hippuris lanceolata,Lance-leaved Mare's-Tail
192,Hippuris tetraphylla,Fourleaf Mare's Tail
193,Histrionicus histrionicus,Harlequin Duck
194,Honckenya peploides,Sea Sandwort
195,Hordeum jubatum subsp. intermedium,Intermediate Barley
196,Huperzia arctica,Arctic Firmoss
197,Hyas coarctatus,Contracted Crab
198,Hydrobates leucorhoa,
199,Idotea phosphorea,
200,Junco hyemalis,Dark-eyed Junco
201,Juncus arcticus,Arctic Rush
202,Juncus arcticus var. alaskanus,Arctic Rush
203,Juncus biglumis,Two-flower Rush
204,Juncus triglumis var. albescens,Three-flower Rush
205,Kalmia procumbens,Alpine Azalea
206,Labidochirus splendescens,Splendid Hermit
207,Lagopus lagopus,Willow Ptarmigan
208,Lagopus muta,Rock Ptarmigan
209,Lagotis glauca subsp. lanceolata,Weaselsnout
210,Lanius borealis,Northern Shrike
211,Larus argentatus,Herring Gull
212,Larus canus,Common Gull
213,Larus glaucoides thayeri,Thayer's Gull
214,Larus hyperboreus,Glaucous Gull
215,Lathyrus japonicus,Seaside Pea
216,Lebbeus groenlandicus,Spiny Lebbeid
217,Lebbeus polaris,Polar Lebbeid Shrimp
218,Ledum glandulosum,Western Labrador Tea
219,Leiothlypis celata,Orange-crowned Warbler
220,Leucanthemum integrifolia,Small Arctic Daisy
221,Leymus mollis subsp. villosissimus,Arctic Dune Grass
222,Limosa lapponica,Bar-tailed Godwit
223,Liparis,Snailfish
224,Liparis fabricii,Gleatinous Seasnail
225,Liparis tunicatus,Kelp Snailfish
226,Lomatogonium rotatum,Marsh Felwort
227,Lomatogonium rotatum subsp. rotatum,Marsh Felwort
228,Lupinus arcticus subsp. arcticus,Arctic Lupine
229,Luzula confusa,Northern Woodrush
230,Luzula kjellmaniana,Arctic Woodrush
231,Malmiana scorpii,
232,Melanitta fusca,Velvet Scoter
233,Melanitta perspicillata,Surf Scoter
234,Mergus serrator,Red-breasted Merganser
235,Mertensia drummondii,Drummond's Bluebell
236,Mertensia maritima,Oysterplant
237,Metacarcinus magister,Dungeness Crab
238,Micranthes nelsoniana,Heartleaf Saxifrage
239,Micranthes nelsoniana subsp. nelsoniana,Nelson's Saxifrage
240,Micranthes nivalis,Alpine Saxifrage
241,Micranthes porsildiana,Porsild's Saxifrage
242,Monoculodes,
243,Monoculopsis longicornis,
244,Motacilla flava,Western Yellow Wagtail
245,Munnopsis typica,Great Northern Waterwalker
246,Myoxocephalus,Sorthorn Sculpins
247,Myoxocephalus quadricornis,Fourhorn Sculpin
248,Myoxocephalus scorpioides,Arctic Sculpin
249,Myoxocephalus scorpius,Sorthorn Sculpin
250,Myriophyllum sibiricum,Siberian Water-Milfoil
251,Mysis litoralis,
252,Mysis oculata,
253,Mysis relicta,
254,Mysis segerstralei,
255,Neotorularia humilis,Low Braya
256,Numenius phaeopus,Whimbrel
257,Onisimus,
258,Oxyria digyna,Alpine Sorrel
259,Oxytonostoma typica,
260,Oxytropis,Locoweed
261,Oxytropis arctica,Arctic Locoweed
262,Oxytropis deflexa,Nodding Locoweed
263,Oxytropis maydelliana,Maydell's Point-Vetch
264,Oxytropis nigrescens,Blackish Locoweed
265,Oxytropis roaldii,Roald's Locoweed
266,Oxytropis varians,Variable Locoweed
267,Pagophila eburnea,Ivory Gull
268,Pagurus,
269,Pagurus brandti,
270,Pagurus capillatus,
271,Pagurus trigonocheirus,
272,Pallasina barbata,Tubesnout Poacher
273,Pandalus goniurus,Humpy Shrimp
274,Papaver alaskanum,Alaska Poppy
275,Papaver cornwallisense,Cornwallis Island Poppy
276,Papaver dahlianum,Svalbard Poppy
277,Papaver gorodkovii,Russian Poppy
278,Papaver hultenii,Hulten's Poppy
279,Papaver keelei,Colorless Poppy
280,Papaver lapponicum,Lapland Poppy
281,Papaver macounii,Macoun's Poppy
282,Papaver nudicaule,Iceland Poppy
283,Papaver radicatum,Arctic Poppy
284,Paralithodes camtschaticus,Red King Crab
285,Parkesia noveboracensis,Northern Waterthrush
286,Parnassia kotzebuei ,Kotzebue's Grass-of-Parnassus
287,Paroediceros lynceus,
288,Parrya arctica,Arctic False Wallflower
289,Parrya nudicaulis,Naked-stemmed Wallflower
290,Passerculus sandwichensis,Savannah Sparrow
291,Passerella iliaca,Fox Sparrow
292,Pedicularis albolabiata,Sudetic Lousewort
293,Pedicularis arctoeuropaea,Circumpolar Lousewort
294,Pedicularis capitata,Capitate Lousewort
295,Pedicularis lanata,Complex Pedicularis Lanata
296,Pedicularis langsdorffii,Langsdorff's Lousewort
297,Pedicularis langsdorffii subsp. arctica,Langsdorff's Lousewort
298,Pedicularis lapponica,Northern Lousewort
299,Pedicularis sudetica,Sudetic Lousewort
300,Perisoreus canadensis,Canada Jay
301,Petasites frigidus subsp. frigidus,Arctic Sweet Coltsfoot
302,Phalaropus fulicarius,Red Phalarope
303,Phalaropus lobatus,Red-necked Phalarope
304,Phlox richardsonii subsp. Richardsonii,Richardson's Phlox
305,Physaria arctica,Arctic Bladderpod
306,Pinguicula vulgaris,Common Butterwort
307,Plantago canescens,Hairy Plantain
308,Plectrophenax nivalis,Snow Bunting
309,Pluvialis dominica,American Golden-Plover
310,Pluvialis squatarola,Black-bellied Plover
311,Poa abbreviata,Dwarf Bluegrass
312,Poa arctica,Arctic Bluegrass
313,Poa glauca,Glaucous Bluegrass
314,Poa hartzii,Hartz's Bluegrass
315,Poa hispidula,Large-glume Bluegrass
316,Podiceps auritus,Horned Grebe
317,Polemonium acutiflorum,Tall Jacob's Ladder
318,Polemonium boreale,Northern Jacob's Ladder
319,Polemonium caeruleum,Blue Jacob's Ladder
320,Polygonum bistorta,Common Bistort
321,Polysticta stelleri,Steller's Eider
322,Pontogeneia inermis,
323,Pontoporeia,
324,Populus balsamifera,Balsam Poplar
325,Potentilla arenosa,Bluff Cinquefoil
326,Potentilla arenosa subsp. arenosa,Bluff Cinquefoil
327,Potentilla hookeriana,Hooker's Cinquefoil
328,Potentilla hyparctica,Arctic Cinquefoil
329,Potentilla hyparctica subsp. elatior,
330,Potentilla nivea,Snow Cinquefoil
331,Potentilla pedersenii,Pedersen's Cinquefoil
332,Potentilla pulchella,Pretty Cinquefoil
333,Potentilla rubricaulis,Rocky Mountain Cinquefoil
334,Potentilla uniflora,One-flower Cinquefoil
335,Potentilla uschakovii,Uschakov's Cinquefoil
336,Potentilla vahliana,Vahl's Cinquefoil
337,Prasiola johanseni,
338,Primula egaliksensis,Greenland Primrose
339,Primula stricta,Stiff Primrose
340,Priscillina shoemakeri,
341,Puccinellia angustata,Northern Alkali Grass
342,Puccinellia phryganodes subsp. neoarctica,Creeping Alkali Grass
343,Puccinellia tenella subsp.m langeana,Tundra Alkali Grass
344,Puccinellia vaginata,Arctic Tussock Alkali Grass
345,Puccinellia vahliana ,Vahl's Alkali Grass
346,Pungitius pungitius,Prickly Nine-spined Stickleback
347,Pyrola grandiflora,Arctic Wintergreen
348,Ranunculus arcticus,Birdfoot Buttercup
349,Ranunculus confervoides,Threadleaf Crowfoot
350,Ranunculus gmelinii,Small Yellow Water-Crowfoot
351,Ranunculus hyperboreus,Arctic Buttercup
352,Ranunculus lapponicus,Lapland Buttercup
353,Ranunculus nivalis,Snowy Buttercup
354,Ranunculus pedatifidus,Northern Buttercup
355,Ranunculus pygmaeus,Dwarf Buttercup
356,Ranunculus sabinei,Sabine's Buttercup
357,Ranunculus subrigidus,
358,Ranunculus turneri,Turner's Buttercup
359,Rhachotropis aculeata,
360,Rhododendron columbianum,Western Labrador Tea
361,Rhododendron lapponicum,Lapland Azalea
362,Rhododendron tomentosum subsp. decumbens,Marsh Labrador Tea
363,Rissa tridactyla,Black-legged Kittiwake
364,Rostroculodes longirostris,
365,Rostroculodes schneideri,
366,Rozinante fragilis,
367,Rumex arcticus,Arctic Dock
368,Sabinea septemcarinata,Sevenline Shrimp
369,Sabulina rossii,Ross' Stitchwort
370,Sabulina rubella,Beautiful Sandwort
371,Saduria entomon,
372,Salix arctica,Arctic Willow
373,Salix glauca,Grayleaf Willow
374,Salix niphoclada,Barren-ground Willow
375,Salix ovalifolia,Oval-leaf Willow
376,Salix phlebophylla,Skeletonleaf Willow
377,Salix pulchra,Tealeaf Willow
378,Salix reticulata,Net-leaved Willow
379,Salix richardsonii,Richardson's Willow
380,Salix rotundifolia,Roundleaf Willow
381,Salix stolonifera,Sprouting Leaf Willow
382,Salix waghornei,
383,Salmincola californiensis,
384,Salmincola carpionis,
385,Salmincola siscowet,
386,Salvelinus,Chars
387,Salvelinus alpinus,Arctic Char
388,Salvelinus namaycush,Lake Trout
389,Saussurea alpina,Alpine Saw-Wort
390,Saussurea angustifolia,Narrowleaf Saw-Wort
391,Saussurea angustifolia var. yukonensis,Yukon Saw-Wort
392,Saxifraga aizoides,Yellow Saxifrage
393,Saxifraga cernua,Nodding Saxifrage
394,Saxifraga cespitosa,Tufted Saxifrage
395,Saxifraga hieraciifolia,Stiff-stem Saxifrage
396,Saxifraga hirculus,Marsh Saxifrage
397,Saxifraga hirculus subsp. propinqua ,Yellow Marsh Saxifrage
398,Saxifraga hyperborea,Pygmy Saxifrage
399,Saxifraga oppositifolia,Purple Saxifrage
400,Saxifraga punctata,Dotted Saxifrage
401,Saxifraga radiata,Bract Saxifrage
402,Saxifraga rivularis,Highland Saxifrage
403,Saxifraga rivularis subsp. arctolitoralis,Highland Saxifrage
404,Saxifraga tricuspidata,Prickly Saxifrage
405,Sclerocrangon boreas,Sculptured Shrimp
406,Scolecolepides arcticus,
407,Scorpidium scorpioides,Hooked Scorpion-Moss
408,Senecio atropurpureus,Dark Purple Groundsel
409,Senecio lugens,Black-tip Groundsel
410,Senecio yukonensis,Yukon Groundsel
411,Setophaga palmarum,Palm Warbler
412,Silene acaulis,Moss Campion
413,Silene involucrata,Arctic Catchfly
414,Silene uralensis subsp. uralensis,Apetalous Catchfly
415,Somateria fischeri,Spectacled Eider
416,Somateria mollissima,Common Eider
417,Somateria spectabilis,King Eider
418,Spio mimus,
419,Spirontocaris arcuata,Rathbun Blade Shrimp
420,Spirontocaris phippsii,Punctate Blade Shrimp
421,Spirontocaris spinus,Parrot Shrimp
422,Spizelloides arborea,American Tree Sparrow
423,Stellaria crassipes,Tundra Starwort
424,Stellaria humifusa,Creeping Sandwort
425,Stellaria longipes,Longstalk Starwort
426,Stercorarius longicaudus,Long-tailed Jaeger
427,Stercorarius parasiticus,Parasitic Jaeger
428,Stercorarius pomarinus,Pomarine Jaeger
429,Sterna paradisaea,Arctic Tern
430,Surnia ulula,Northern Hawk Owl
431,Symphyotrichum pygmaeum,Pygmy Wood-Aster
432,Syntrichia ruralis,Star Moss
433,Synurella johanseni,
434,Taraxacum ceratophorum,Horned Dandelion
435,Taraxacum hyparcticum,Horned Dandelion
436,Taraxacum lyratum,Alpine Dandelion
437,Taraxacum phymatocarpum,Northern Dandelion
438,Taxus canadensis,Canadian Yew
439,Telmessus cheiragonus,Helmet Crab
440,Tephroseris frigida,Dark Purple Groundsel
441,Tephroseris palustris subsp. congesta,Marsh Fleawort
442,Tephroseris yukonensis,Yukon Groundsel
443,Tetralophozia setiformis,Monster Pawwort
444,Tetraplodon mnioides,Slender Cruet-Moss
445,Tetraplodon urceolatus,
446,Thysanoessa inermis,
447,Thysanoessa longipes,
448,Thysanoessa raschii,
449,Tofieldia pusilla,Scottish Asphodel
450,Tortella fragilis,Fragile Twisted Moss
451,Triglops pingelii,Ribbed Sculpin
452,Tripleurospermum maritimum subsp. phaeocephalum,False Chamomile
453,Trisetum spicatum,Spike Trisetum
454,Turdus migratorius,American Robin
455,Uria lomvia,Thick-billed Murre
456,Utricularia intermedia,Intermediate Bladderwort
457,Utricularia ochroleuca,Cream-flowered Bladderwort
458,Vaccinium uliginosum,Bog Bilberry
459,Weyprechtia pinguis,
460,Xema sabini,Sabine's Gull
